lemma,count
θεός,58
λόγος,46
μόνος,36
φημί,35
λέγω,33
καρπός,33
φυτός,30
ψυχή,30
φύσις,26
μέγας,25
σῶμα,23
ἔχω,23
ἄνθρωπος,21
σοφός,21
κόσμος,20
ἀγαθός,19
δύναμις,18
κύριος,18
νόος,17
ὅσος,16
ὅλος,16
ἅπας,16
Μουσός,16
εἶπον,16
γίγνομαι,16
πολύς,16
ἀριθμός,16
ἐπός,15
ἵνα,15
καθός,15
ποιέω,14
αἴτιος,14
κτῆμα,14
κλῆρος,14
ὕδωρ,13
ὥσπερ,13
ἡμέρα,13
ἀήρ,12
ἀεί,12
καλέω,12
ἕκαστος,12
ἀρετή,12
δένδρον,12
ἔτος,12
πρότερος,11
τελειός,11
μέσος,11
ἔργον,11
τρόπος,11
ἐκεῖνος,11
τέλος,11
τοιοῦτος,11
τρεῖς,11
οἶνος,11
ἐναντίος,10
χωρίον,10
ὄνομα,10
χράω,10
βασιλεύς,10
καλός,10
ἄκρα,10
πλείων,10
ἑαυτοῦ,9
πῦρ,9
ἔοικα,9
διανοία,9
θεῖος,9
παράδεισον,9
χρῆσις,9
ἕτερος,9
ἴσος,9
πέμπτος,9
μέθυς,9
τέχνη,8
πρῶτος,8
οὐρανός,8
δοκέω,8
φωνή,8
ἀναγκαῖος,8
σοφία,8
φέρω,8
ἀρετός,8
αἰών,8
ἀρχή,8
χάρις,8
μέθος,8
μεθυσθήσετα,8
καιρός,7
εἶδος,7
ἴδιος,7
ἐρῶ,7
ἀνάγκη,7
εἰκότως,7
πάλιν,7
ἕνεκα,7
σύνολος,7
νῦν,7
παίδεια,7
φάσκω,6
ἡγεμών,6
δένδρα,6
χώρα,6
τόπος,6
οἰκεῖος,6
αἰσθήσης,6
παλαιός,6
λογικός,6
εἶδον,6
οἶδα,6
λαμβάνω,6
χείρ,6
ἀμείνων,6
μέγεθος,6
δόγμα,6
κακός,6
μᾶλλον,6
γενέσις,6
χρόνος,6
κατός,5
μέρος,5
μετάρσιος,5
ὅρος,5
τέλειος,5
διαφερόντως,5
αἰώνιος,5
ὅσπερ,5
μοῖρα,5
ζωή,5
εἰκών,5
ὄμμα,5
ἀγένητος,5
θέμις,5
μάλιστα,5
ἐπιμέλεια,5
ἑρμηνεύς,5
μυρίος,5
ἀπόλαυσις,5
σύμβολος,5
ἀλήθεια,5
ξύλος,5
δεσπότης,5
υἱός,5
σύμπας,5
ὅρκος,5
ἑκάτερος,5
βρωθήσετος,5
τέταρτος,5
ἅγιος,5
σφόδρα,5
θυσία,5
ἀστεῖος,5
τετταρός,5
μισθός,5
οἰνούσθης,5
δίκαιος,4
γεωργός,4
φυτουργός,4
ῥίζα,4
ἄγω,4
πλήρης,4
δόξος,4
βούλομαι,4
ἄκρος,4
πατήρ,4
ἔμπαλιν,4
οὐδαμός,4
κατασκευή,4
αἰθήρ,4
πηγή,4
γεννώμενος,4
ἰδύς,4
κεφαλή,4
οὐράνιος,4
ὀφθαλμός,4
χρησμός,4
ἐπιστήμη,4
ὑύς,4
ἐξαίρω,4
σκιά,4
πράγμα,4
ἀκοή,4
τέχνιτος,4
παράπαν,4
εὐδαιμονία,4
εὐσέβεια,4
θάνατος,4
φρόνησις,4
ἄγριος,4
συμβαίνω,4
εὔχομαι,4
οὐκοῦν,4
σαφής,4
ἑπόμενος,4
ποιητής,4
παῖς,4
ἄρτι,4
εὔλογος,4
χράομαι,4
πολλάκις,4
ἔθνος,4
ὀρθός,4
δύναμαι,4
ἤδη,4
πάθος,4
ὅμοιος,4
τίκτω,4
σχεδόν,4
ὀλίγος,4
ἀπόδοσις,4
ποτέ,4
φιλία,4
ἀπερικάθαρτος,4
αἰνετός,4
πρίν,4
δέω,4
κἀν,4
λευκός,4
νόμος,4
σημαινόμενος,4
τετρά,4
εὐχάριστος,4
εἴτε,4
ὑποκειμένος,4
εἶπομα,3
Νόος,3
τίθημι,3
ἀφός,3
θερμός,3
πῶς,3
παμφορότης,3
πούς,3
ἐκτός,3
κενός,3
πλῆθος,3
μέρας,3
δρόμος,3
μεθόριος,3
μεταβατικός,3
πτηνός,3
γένης,3
ἀμέτοχος,3
διττός,3
ἐν,3
αἰσθητός,3
παρύ,3
προσαγορεύς,3
δύο,3
γυνή,3
τροφή,3
ἄλογος,3
αὐχήν,3
ὄψις,3
κάτω,3
διό,3
ἡμέτερος,3
γεγόνοτος,3
πνεῦμα,3
ἀκόλουθος,3
καθαρός,3
τοσοῦτος,3
μακράν,3
ποταμός,3
ὕψος,3
ἀλλότριος,3
ἱεροπρεπής,3
ἀξιός,3
ἱερόν,3
ἥλιος,3
ὠφελίμοτατος,3
οὖς,3
ἀνήρ,3
μερός,3
συμβέβαξ,3
θεωρημάτων,3
ἀνατολή,3
ἀξιόχρεως,3
χωρίς,3
τό,3
ἐτήσιος,3
ἐνθένδε,3
ὁρατικός,3
παραδείθω,3
ἀθανασία,3
ὁδός,3
πρᾶξις,3
οἰκείος,3
ἱκανός,3
γεωργεύς,3
φύω,3
πατῶς,3
κήρ,3
ἀσκητής,3
οἶκος,3
χείρων,3
κράτος,3
ὅδε,3
ἄπειρος,3
πού,3
δίαιτα,3
ἰδιώτης,3
εὐθυμία,3
ὁράω,3
ὅτε,3
γνήσιος,3
ἀνά,3
διείρητος,3
ὑπός,3
μετ’,3
ἄριστος,3
δεῖ,3
χρῆμα,3
μηκέτι,3
νομίζω,3
εἶπος,3
ὁμοιότροπος,3
ἄρουρα,3
33),3
δηλόω,3
ἔθος,3
μονάς,3
μυριάς,3
παρός,3
ἔνιοι,3
μαρτυρία,3
ἱερώθατος,3
θάτερος,3
ἀπαύστος,3
ἀκαθαρσία,3
γεννήματος,3
βλαβερός,3
παρακαταθήκης,3
μεθύς,3
βωμός,3
θύω,3
λεκτέον,3
φθορά,3
ἐνιαυτός,3
δεκάς,3
δύεις,3
δεκά,3
εὐχαριστής,3
τιμή,3
Ἰσσάχαρος,3
γέννημος,3
γιγνώσκω,3
ἄφρων,3
φιλόσοφος,3
ληρός,3
πάντως,3
μανία,3
παιδιάς,3
γέλως,3
μελαγχολής,3
γεωργικά,2
ἀμπελουργικός,2
εἰσάγω,2
„ἤρξατο,2
φυτεύσευς,2
ἀμπελών,2
20),2
μέλλος,2
ἅμα,2
διάκρισις,2
ἐρρίζος,2
κύκλος,2
ἐντός,2
ὠνομάσθης,2
τέλεια,2
μοσχεύματος,2
βάσις,2
ἥρμος,2
ναστός,2
βαρύτατος,2
βρίθες,2
ἰσχύσαι,2
ἀίδιος,2
πέρας,2
κόλπος,2
βραχύς,2
ἄνευ,2
κινήσιος,2
χρώμενος,2
δή,2
χερσαίν,2
ἀριδηλός,2
προφαίνεσθα,2
ἀστήρ,2
φιλοσοφήσσε,2
φορός,2
θίασος,2
θνητός,2
ἄνως,2
ἄγγελος,2
ὑπήκους,2
προσένειμα,2
μήτηρ,2
μέλλω,2
χερσαῖος,2
ζωῦς,2
συγγενής,2
ἀπειργάζω,2
λάχος,2
χέρσος,2
ἐπίγειον,2
δόκιμος,2
τυπωθής,2
27),2
αἴτιον,2
καταλαμβάνης,2
δυνάμενος,2
ὁπότε,2
ὗλις,2
πέρατος,2
χρή,2
ἔσχατος,2
ἄπληστος,2
διατελός,2
ἄνω,2
δεινός,2
δυνατός,2
νίκων,2
φίλος,2
τοιγάρ,2
φύλαξ,2
ἀνακεκλῆσσος,2
δευτερέιος,2
Βεσελεή,2
(Exod,2
πάνσοφος,2
ἀρχέτυπος,2
εἴκοθε,2
μυκτήρ,2
ὕμνος,2
ὧδε,2
φυτεύς,2
πλάσσω,2
(Psalm,2
μέχρι,2
ἡγεμονικός,2
διαθέσις,2
πολύτροπος,2
ἐπιστημός,2
ἀθρόος,2
ποιηικός,2
ἐκεῖ,2
ἐλαιός,2
οἴομαι,2
αὐτάρκηστα,2
ἐνδιαίτημος,2
εὐαγή,2
δήπου,2
παράδεισος,2
εἰσάγετα,2
οἰκος,2
μεταναστήνης,2
Ἀδαί,2
δεῖσθα,2
ὁσιότης,2
ἀφορμή,2
ἐναργέστατον,2
κακία,2
φυγή,2
φιλόδωρον,2
χαρά,2
σπᾶς,2
ἔρως,2
λεγομένης,2
δεῖγμα,2
λεχθεντός,2
σκοταῖος,2
δυόμενος,2
ἀληθή,2
μεστός,2
θήρ,2
γέρας,2
εἴρω,2
κιβωτός,2
ἀρετής,2
ἀξίων,2
Ἰάκαψ,2
παντοῖος,2
αἵρεσις,2
εὕρης,2
ὅθεν,2
ἀδάμ,2
καταφύτευσος,2
ὄρος,2
κληρονομία,2
ἑτοῖμος,2
κυρίω,2
ἔτιος,2
18),2
βίος,2
αὖθις,2
συνᾴδης,2
ᾠήθης,2
ἀγίων,2
κοσμοποιός,2
ὅπως,2
ὑπολάβος,2
ἀναγκαιότης,2
νύνε,2
μανθάνω,2
ἄρχω,2
ἱκέτις,2
ἀδιάστατος,2
κληρονομέος,2
ἄρχων,2
ὑπήκη,2
νομίζος,2
πρόσοδος,2
ἀνήσης,2
πανηγεμών,2
πρεσβύς,2
ἵστημι,2
(Deut,2
μερίς,2
θεοφιλός,2
περιουσία,2
χράτος,2
ὀλύμπιος,2
„οὐ,2
ἔσται,2
ᾄδέτης,2
(Num,2
προσελήλυθος,2
ἔξεστι,2
ἄφθονος,2
πλοῦτος,2
νομοθέτης,2
γεγονότος,2
σπουδαίος,2
ἔνδεια,2
ἐπαμφοτερίζος,2
ἀκούω,2
ἑξῆς,2
φρέατος,2
ἰδιότης,2
φρέαρ,2
πῆχυς,2
ἑκατόν,2
τετράγωνος,2
μόνα,2
σύνθεσις,2
σκοπέω,2
βαλβίς,2
ὡσανεί,2
ἀνευρίσκω,2
Ἰσαά,2
παραπλήσιος,2
φρέως,2
ἀφανής,2
κοινός,2
τρέφος,2
ζητόεμενος,2
εὑρίσκω,2
ἀμάθιος,2
αἱρέω,2
μικρός,2
εἶτα,2
βραχεύς,2
ἀδύνατος,2
πίστερος,2
εὑρισκέσθης,2
λέχθος,2
ὀργανος,2
„τὸ,2
πρόσρησις,2
εὖ,2
εὐεργέτης,2
εὐεργετή,2
ἀνενδόια,2
φόβος,2
συνεχής,2
σύνειρος,2
ἀλλήλων,2
βλάπτης,2
21),2
οὐκέτι,2
ἐπιδείξ,2
ἵλαος,2
σωτήριος,2
εὔνοια,2
μένω,2
ὄντως,2
βλάβη,2
ἀσφάλεια,2
μτός,2
μηδέποτος,2
ἐπιδείκνυτα,2
ἱερός,2
καθήκοντος,2
„ὅταν,2
εἰσέλθητος,2
δίδωμι,2
φάγος,2
ὑμός,2
ἐδώδιμος,2
ἕως,2
ἐπιμελής,2
ὅταν,2
ἄγνοια,2
φυτευθής,2
καθάρσης,2
νήφων,2
ἀποδός,2
ἐφεδρεύων,2
πίστις,2
ὑπαίτιος,2
παραβλαστάνως,2
ἐραστής,2
κολακεύμενος,2
ὥρα,2
μεθέμενος,2
ἀδέκαστος,2
βοῦς,2
ἄναγος,2
περιαιρή,2
ποικιλία,2
πανταχοῦ,2
χρῶματος,2
χρῶμα,2
περικαθαίρασθα,2
βεβαιόμενος,2
πάνυ,2
μέν,2
Ἀἀπερικάρτος,2
ἔπος,2
τριμερός,2
ὑγιαίνων,2
καθάρως,2
λουτρόν,2
πολλαχός,2
σαφέστατος,2
σχῆμα,2
ἴσης,2
δικαιοσύνη,2
„πᾶς,2
ἄχρι,2
πρό,2
δῆλος,2
τέτταρ,2
συντιθής,2
πεντάς,2
διπλόος,2
ἔνειμι,2
νομίζους,2
θυσιός,2
ὑπερβολή,2
γράμμα,2
μέλος,2
ᾗ,2
ἐπειδάν,2
χυλός,2
τίκτειος,2
οὐδάς,2
εὐθύς,2
ἔρχομαι,2
ἐπιστήμων,2
ἄτεχνος,2
εἴσομεθος,2
μέτριος,2
φρόναος,2
ταχύς,2
τοτέ,2
ἀγών,2
πατρίς,2
φάρμακον,2
ἀποθνῄσκη,2
κατασκευάζων,2
ὁμώνυμος,2
ὁμωνυμίος,2
συνωνυμία,2
κύων,2
πλειόνων,2
ποιητός,2
ἡβώση,2
διάφορος,2
ἱστίον,2
ψιλή,2
ἐπιδείκνυμι,2
σπουδή,2
προσφέρων,2
ἁρμόττης,2
παῖζος,2
ὑπομονή,2
μέλας,2
ἄστειος,2
νῆφος,2
ἀπόρρητος,2
παρακάτω,2
βίβλιος,1
γενικός,1
ἀπόδωσομος,1
ἀμπελουργός,1
προσήκω,1
φυτουργιός,1
γεωργιός,1
διέξιενα,1
κατανοήσης,1
ἐπιστάτης,1
περιέχος,1
παμμυρία,1
κληματίς,1
ἀναβλαστάνοντα,1
οὐσία,1
ἄτακτος,1
συγκέχυμαι,1
τάξις,1
ἀταξία,1
σύγχυσις,1
κοσμοπλάστας,1
μορφοῦς,1
ἄρσατος,1
ἀνείλκειον,1
αἰθεριός,1
ὠχυρόεις,1
φυλακτήριον,1
ὀχείσθης,1
ξηρός,1
δέος,1
διαλύος,1
ψυχρός,1
θαῦμα,1
ἔκτοπος,1
θαυματοποιός,1
εἰργάζετος,1
τεραστιός,1
λυόμενος,1
συνέχεσθος,1
λύω,1
ψυχρόσστο,1
θέρμος,1
ἄσβεστος,1
ἱδρύω,1
παμμέγεθες,1
ἔρνος,1
παραφυάς,1
βλαστός,1
ὅπος,1
καθήκη,1
ἀνδριάς,1
ἐρήρεις,1
σκεπτέω,1
ἀπολειφθής,1
πλανής,1
ὕλη,1
ἐργασάμενος,1
διακοσμήσσα,1
δημιουργός,1
διαπλάσσασθα,1
συνεπληρός,1
μέρεσις,1
βραχύνω,1
καταλείφω,1
συνίστημι,1
ταλαντεῦος,1
στερεός,1
ἐπερείδων,1
φάσμα,1
οἰκένη,1
ζητόυση,1
σωματικός,1
ἐάν,1
κινόυμενος,1
τυγχάνη,1
ἐγκεκόλπιστος,1
δυσωπία,1
ἀποδιδράσκω,1
διαπορηθής,1
λέγας,1
παρρησία,1
ὕλα,1
κραταιός,1
ἀχθοφορή,1
ὀχυρός,1
βεβαιός,1
ἔρεισμα,1
ταθύς,1
δολιχεύς,1
ἀήττητος,1
σύναγος,1
σφίγγος,1
δεσμός,1
ἄρρηκτος,1
γεννάω,1
διαλυθήσσης,1
κωρέω,1
σβεσθήσετα,1
ἀναφλεχθήσεος,1
τάττοντος,1
φωνήεις,1
στοιχεῖος,1
ἄφων,1
ἐγγράμματος,1
συνήχη,1
ἀπειλή,1
πειθός,1
συνάγω,1
μεσιτεύντος,1
διαιτών,1
Οὕτως,1
ἐρριζόυτος,1
ῥιζωθής,1
ἐκρατείτ,1
κινητός,1
μετάβασυς,1
ἑστώς,1
ἐδημιουργέος,1
φαμεί,1
ζῷον,1
ὁλοσχερέστερος,1
προσγένετος,1
πλωτός,1
πυρίγων,1
Μακεδονία,1
—ζῷα,1
νοερός,1
πλάνη,1
ἀπλανής,1
συμπεριάγων,1
ἐναλλάττου,1
ἀφάνταστος,1
διοικόυμειν,1
γένη,1
καταλαμβαν,1
—ψυχῶν,1
ἄσωμα,1
διακεκοσμήμενος,1
τακύς,1
εἰσκρίνομαι,1
κατά,1
ὡρισμένης,1
περίοδος,1
ἀπάλληττος,1
θειοτέρ,1
λαχοῦς,1
ἀλογεύς,1
καθαρόταται,1
Ἕλλην,1
ἥρως,1
εὐθύβολος,1
πρεσβεύοπμεια,1
διαγγελλός,1
ὑπήκοος,1
χρείων,1
ζός,1
τροφός,1
θῆλος,1
ἀποκυίσκεια,1
ἀναχέων,1
γάλα,1
ἄρδων,1
ἁρμοττοῦσα,1
πρόσνειμος,1
ὀθνεῖος,1
χρῆσκτης,1
κατώκαρα,1
βαθυγέιος,1
μέρες,1
πήγνυμι,1
ἀναλκύς,1
πρόμηκος,1
ἡρμόζετος,1
ἐπίβασις,1
ἐμπρόσθιος,1
θείς,1
ἐξαιρέω,1
περιήγαγος,1
κάμψα,1
νεύω,1
ἀνώρθων,1
καταθεάτης,1
ὑπάρχω,1
αἰθέριος,1
συγγένεια,1
συνάψα,1
ὡμοῖος,1
ἀόρατον,1
νόμισμα,1
σημειός,1
σφραγίζω,1
χαρακτήρ,1
„ἐνέπνευσε,1
πρόσωπον,1
πνοή,1
ἐκπέμποντα,1
δέχομενος,1
ἀπεικονίσθης,1
ἀρχέτυπον,1
ἀπεικόνισθείση,1
ἀνεγερθής,1
ἀνατείνης,1
φανερός,1
ἀφανή,1
ἔκδηλος,1
ὁλκή,1
ἀμήχανος,1
ἀχθής,1
πόνθον,1
ἐξαιρέτως,1
εἴδωλον,1
ἐναργή,1
ἀειδός,1
ἀπονεύς,1
φθρττός,1
παγέν,1
ἐπιβαίνω,1
ἀφεστότης,1
ἀνατρέχης,1
ψαύς,1
πόσος,1
νομίσης,1
πάντῃ,1
κατεῖδον,1
τηλαυγός,1
ἵμερος,1
πτερωθέντα,1
τείνατος,1
παραμείψαιψα,1
ἐπείγω,1
ἀνακεκλῆς,1
καλέων,1
καταπνεύστευς,1
τυφός,1
ἁρπυία,1
αὐτόπρεμνος,1
ἀνασπάτης,1
μυριάγων,1
σκάφος,1
βρίθος,1
φόρτος,1
κουφότατος,1
πελαγός,1
ἀναρπάζετα,1
λίμνη,1
ἐκλιπός,1
ῥεῦμα,1
ἀνιμήσαστος,1
ἄνεμος,1
κραταιότης,1
πολυπλοκός,1
δῖνος,1
κοῦφος,1
ἐπελαφρίζος,1
μήκιστος,1
φιλοσοφήσαστος,1
ἄνοθος,1
ταλαντεύς,1
διάζευξ,1
διεπόνης,1
εὐδαίμων,1
φύσιον,1
ἀκόρεστος,1
ἐράσθεις,1
ταμίος,1
ὄργια,1
Λευτικός,1
βίβλος,1
ἀνεκάλεσος,1
ἀνακαλή,1
sqq,1
.).,1
δευτερεῖα,1
ἀνάκλησις,1
πρωτύς,1
πλάττειος,1
ζωγραφός,1
ἔμψυχος,1
δημιουργής,1
ἀνατυπός,1
ἄλλως,1
τηλαυγέστερος,1
ἀμύδροτερος,1
ἐπιδείκνυσθας,1
Διεξεληλυθός,1
ὁλοσχερής,1
ἐδημιοῦργος,1
αὐτίκα,1
βαθύγειον,1
δεξαμενής,1
κάπειμι,1
ἐνετίθημι,1
ὄσφρησις,1
μαρτυρέω,1
θεσπέσιος,1
ἀκούϊος,1
ἐπίβλεψις,1
διακοῦσαι,1
σκελόν,1
εὐγενής,1
μέσας,1
καρποφορέα,1
πρόσρριζος,1
νόησις,1
κατάληψις,1
εὐστοχία,1
μέλετα,1
μνῆμα,1
ἔξεις,1
τεχνός,1
βαβαιότης,1
ἄληστος,1
ἀνάληψις,1
ἱκάν,1
φυτουργής,1
φυτουργία,1
„ἐφύτευσεν,1
εδείς,1
ἄμπελος,1
μηλεός,1
ῥοιός,1
παραπλήσιον,1
δυσθεράπευτος,1
εὐήθεια,1
ἐνδιαιτήσις,1
εὐάγωγος,1
νομισθεία,1
πανήγεμος,1
ὑστερίζεια,1
ὑποδοχή,1
ὑποληφθήνης,1
αἰτιάτος,1
περιέχεσθα,1
καρποφορήσης,1
διαπλασθές,1
ἀνεπιδεής,1
τροφεύς,1
ἔπειτα,1
ὁργανός,1
εὐτρεπίσθης,1
εἰσιός,1
παράδεξις,1
ἐκμασηθείδης,1
θύραζε,1
ἀπόπεμψος,1
μακαριότης,1
ἀπήδεια,1
ἀνθρώπομφος,1
ἀνθρωποπαθής,1
εἰσαγός,1
καθαίρεσις,1
ἔκθεσμος,1
εὔρημος,1
εἰτέος,1
ἀλληγορία,1
προτείνος,1
εἰδῆσις,1
καταλήψης,1
σύνεσις,1
πονηρός,1
φαντασία,1
ὑποληπτέον,1
ἐμφυτεύς,1
καλοῦμενος,1
Ἐδέμ,1
τρυφός,1
ἄρτιος,1
βλεπός,1
ἐγχορευς,1
ἀνασκιρτώσης,1
ἀπόλαυσμα,1
ἥδιστος,1
προτεθείμενα,1
θεραπείος,1
γανῶμαρ,1
Μωύσεος,1
θιασώτης,1
ἠμελήμενος,1
ὑμνοδία,1
ἀναφθέξξητος,1
„κατατρύφησον,1
παρακινινημεν,1
φαίνωμεν,1
ἀνθρώπινος,1
χλιδή,1
θρύψεος,1
ἄληκτος,1
δυσχεράνης,1
κατοχή,1
συναρπάσθος,1
οἶστρος,1
ἐνευφραινόμενος,1
νυκτιφόρος,1
ἀφροσύνη,1
λάμπροτα,1
περιαυγήστατον,1
ἀνατέλλος,1
ἀνίσχων,1
φέγγος,1
ἀναπληρός,1
ἀκτίν,1
ἀναλάμψα,1
αὐγή,1
καθαρά,1
ἀπεργάζουτα,1
φρουρός,1
ἔπειμι,1
κατατρεχός,1
ἀμυνός,1
„ἔθετο“,1
πλάω,1
ἀσκήσης,1
χρῆσεος,1
ἐλάβος,1
ἐμφαντίκωθα,1
ἱερώτατος,1
καλοκἀγαθία,1
βλαστήμας,1
[δὲ],1
κατάλη,1
ἀπορητέον,1
δήποτε,1
κατακλυσμός,1
κατασκευάζω,1
θηρίος,1
ἱδέα,1
εἰσάγοντα,1
χωρέω,1
κακιός,1
ἀτίθασος,1
ἀξηγριώμενα,1
ἀνήμερος,1
παραδεχός,1
παρατετηρημένως,1
πλαπλασμένης,1
εἰσαχθήνης,1
χαραχθείς,1
διαφέρα,1
ἀθάνατος,1
καρποφορέω,1
φαίνω,1
—ἄμφω,1
ἀφθάρτα,1
μεσαιτάτης,1
πολυμιγός,1
γεωδέστερος,1
ἄπλαστος,1
ἁπλή,1
ἐπίσταμαι,1
αὐλή,1
[τοῦ,1
οἰκεύς,1
„ἄπλαστος,1
οἰκίον,1
συνερήμενος,1
πλάσμενα,1
τιθήνη,1
ῥιζός,1
ὁλκός,1
ἀνακλήθεντον,1
ὁρμή,1
δεξιώσαιτος,1
εὔκλεια,1
ἀπόναιτος,1
ψεκτός,1
οἰκτιζόμενος,1
μετανάστης,1
αὐτεξούσιος,1
ἴλαος,1
γαῖνος,1
πεφυγάδευτα,1
κεῖθος,1
ἐμφυτεύθης,1
„εἰσαγαγὼν,1
κατοικητήριος,1
κατεργάζομαι,1
ἁγίασμα,1
ἡτοιμάσαξ,1
βασίλευς,1
μάδε,1
σπέρμα,1
καθείς,1
αἰτιός,1
ἀναβλαστής,1
αἰνίττεσθα,1
ᾄσματος,1
„ὄρος,1
„κληρονομίας,1
εἰπών,1
φυτευθήνης,1
ἀφηνιά,1
διοικήσις,1
ὡσαύτως,1
διέξοδος,1
ἀπομιμός,1
σώφρων,1
ἄπτα,1
χρῶμεθος,1
ἀκολούθιος,1
ζάω,1
προτεθής,1
εὐτρεπής,1
κατειργάς,1
„ἁγίασμα“,1
ἀπαύγασμα,1
μίμημος,1
νοέω,1
ἡτοιμάσθης,1
χρεῖον,1
ἐπιφωνή,1
„βασιλεύων,1
προσγενέσθαι,1
ἀστοιχέωτος,1
ἐάω,1
ὑψηλός,1
ἑτοιμός,1
πρόχειρα,1
ἐπιτήδειον,1
„κατειργάσω,1
ἅγιον“,1
τυγχάνω,1
βῆβηλος,1
γένεσις,1
φθαρτός,1
βασιλεύω,1
ἀκαρές,1
ἐός,1
ἀνηγεμόνειτος,1
δούλεια,1
ἐλευθερία,1
τάχα,1
ζῆτηρ,1
παράσχος,1
„εἰς,1
σός,1
κληροδοτής,1
ἴσως,1
μήποτε,1
δεσπόζομειον,1
οἰκετός,1
ὑπηρέτης,1
εἴωρ,1
ἐπικρατής,1
ἐπίτροπος,1
ἐπιμελητός,1
ἐγχειρίσαιος,1
ἐκλέγος,1
προσέρχομαι,1
πολιτεία,1
βασιλεία,1
φροντίς,1
ἄχθος,1
ἀποτιθήμη,1
βασιλικός,1
ἄργυρος,1
χρυσός,1
κειμήλιον,1
ἀρχόμενος,1
θησαυροφυλείτης,1
ἡγούμενος,1
ὅμως,1
θησαυρός,1
τάσσω,1
φόρος,1
ἐκλογιστής,1
κατατίθεντα,1
θαυμάς,1
εἰλαχός,1
ἐξαίρειος,1
ὀξυωπέστατος,1
ἄμεμπτος,1
ἀκραιφνής,1
μύσας,1
οὐδέποτε,1
ἀναποπτάω,1
εὐθυτεναί,1
βλέπων,1
ᾠδεύς,1
„ἐπερώτησον,1
ἀναγγελή,1
ἐρός,1
διεμέριζος,1
ὕψιστος,1
διέσπειρα,1
ὅριος,1
λαός,1
Ἰσραήλ,1
ἰδού,1
θεραπευτός,1
ὠνόμασις,1
ἐσπάρθης,1
ἀνασκεδάδθης,1
ἐπισυναχθής,1
στῖφος,1
ἁρμόνιος,1
ἑνώσης,1
διαλύσιος,1
διαρτήσιοι,1
διάθεσις,1
ἱλασμός,1
τότε,1
„δύο,1
τράγος,1
διακληρός,1
ἀποπομπαίος,1
ἀποσεμνύνω,1
[τιμὴν,1
προσκληρώσετος,1
φυγαδεύθησος,1
ἱέρως,1
ἐλαύνω,1
χωρίος,1
ἄβατον,1
βάληλον,1
βάραθρον,1
ἐμπίπτω,1
πεπιστευκός,1
ἔθω,1
ἀξιόω,1
παράδοξος,1
φυλή,1
πρόσφυγα,1
λῆξις,1
ἕνδεκα,1
νείμασθα,1
ἱερωσύνης,1
τῇα,1
φυλός,1
Λειί,1
Ἰσραή,1
πρόσωπος,1
„ἐγὼ,1
κληροδοσία,1
ἐκκαθαρμήνμης,1
ἀπόγινος,1
γνωρίζης,1
προσείληπτα,1
ἀσπάζομενος,1
Λευίτης,1
„αὐτός,1
τιμάω,1
ἐκπρεπήτητος,1
ἐπιμανείτης,1
κάλλος,1
πολυτελέστας,1
πομπή,1
θεάσανος,1
παρασκευή,1
ἀπιδόεις,1
πρός,1
σύνηθος,1
„ἴδετε,1
ἑταῖρος,1
χρεία,1
ἔχω“,1
καίτοι,1
ἁπλῶς,1
περιβεβλημένος,1
ὑποφυσηθές,1
καταλαζονεύς,1
ἐκδιδάσκω,1
φρονέω,1
γνωρίζος,1
ἀπογινώσκων,1
γενητός,1
οἰκείοτης,1
τελειτάτης,1
ἐνόμισις,1
βασίλειος,1
ἡγεμονία,1
ἀνάψημα,1
μεγαλαυχείτωσα,1
πόλις,1
ὑπήγηγος,1
κλίματος,1
Ἑλληνικός,1
βαρβαρικός,1
πέλαγος,1
προσεκτήσαυτος,1
ἀδούλωτος,1
ἐλεύθερος,1
εἰργάσατος,1
ἐπεκράτης,1
νομισθείη,1
σύγκρισις,1
λαγχάνω,1
κτῆσαμος,1
βασίλικος,1
φάσκος,1
παραδοξολογέος,1
ἀφορός,1
ἄχρημα,1
ἀκτήμων,1
πλούσιον,1
περίβλεπτος,1
περιμάχητος,1
ἡγείτης,1
βεβαίη,1
πίστειος,1
κατεσχήμενος,1
ἐπιμορφαζός,1
πρόχειρον,1
παρασυκοφαναντός,1
ὅσιος,1
ἀσφαλής,1
ὑποβολίμαιος,1
νόθος,1
θεωρίος,1
ἥκειτος,1
οὐθητής,1
ἀμπέλων,1
ἐνενοήσατος,1
ζωγράφος,1
ζωγραφία,1
γήινος,1
ἀγώνισμα,1
δεσπόζετα,1
ὠφελέος,1
ἐμφερή,1
λεχθός,1
συκοφάντης,1
θεραπεύς,1
Εἰρηκός,1
ἁρμόζοντα,1
μέτιμος,1
μάθημα,1
μίμημα,1
εὐθεύς,1
Ἀβραός,1
„φυτεῦσαι,1
ἐπικαλέσης,1
ἐρευνή,1
ἠκριβῶσθη,1
βλαστάνης,1
διάνοια,1
ῥιζῶς,1
μετάληψις,1
πρόταθος,1
εἰκότης,1
προσαποδός,1
μῆκος,1
πλάτερος,1
πολυπλασιάσις,1
ἐπιπέδος,1
συντίθης,1
παραυξηθήθης,1
καμπτάριος,1
εἴκασα,1
ἀγωνιζόμενος,1
ἄρχωμ,1
ἵστης,1
μετιός,1
κατασκευαστικός,1
φυτευθεῖς,1
τροφίμοτατος,1
οἰκειός,1
καταχέω,1
„παραγενόμενοι“,1
„οἱ,1
ἀπήγγειλα,1
φρέας,1
ἄρυξ,1
εὔρομος,1
ἐκαλεσή,1
θεάσωμος,1
διερευνός,1
ζητήσις,1
ὀλίγωρ,1
ποιός,1
ὄρυστος,1
ἀναζητός,1
πόθος,1
ποτός,1
ἀνατεμνός,1
προσωτέρω,1
χωρός,1
ἐμβαθύνος,1
ἀδυνατός,1
ἐπιψαύς,1
πολυμαθή,1
κατηγορέω,1
ἀληθός,1
ὑστερίζος,1
ᾔἵσθος,1
θαυμάζω,1
θαυμάζεσθα,1
ἐθέλω,1
διανοηθής,1
κατανόησος,1
ἐπαγγέλματα,1
ἰσάζος,1
διάστημα,1
ἀποδέων,1
καθεστώς,1
ἡντινός,1
τελειόθηνος,1
καινούμενα,1
ἀνομβρός,1
ὠνομάσθη,1
προσφυέστατα,1
βεβαιοτάτης,1
περιεχόσης,1
ὀμνύς,1
ἀμφισβητός,1
μάρτυς,1
εὐορκής,1
κωρήσσω,1
εὑρεθεναί,1
ὁρατός,1
ὄσις,1
ὀσφραίνεσθα,1
αἰσθάνεσθα,1
παρορά,1
παρακοῦος,1
παρανοή,1
συνέβαινος,1
εἴπερ,1
πάγια,1
ἀντιλήψις,1
σπείρων,1
βέβαιος,1
ἐπεφύξ,1
διειλεγμένος,1
ἀνθή,1
τελευταῖος,1
ἐξεργασώμεθα,1
ὑφηγήσετα,1
„ἐπεκάλεσε“,1
λεχθείδης,1
ἐμφαίνως,1
εὐεργετέω,1
κοσμοποιία,1
ἀναλαμβάν,1
τίθετος,1
διέκοσμειος,1
[κατα]κληθῆναι,1
ἄμφω,1
συμμεταβαλήλλωμος,1
δράσας,1
ἐνδοιάζης,1
ἰσχύς,1
ἐπικρεμάμανος,1
καταλύος,1
προαιρετικός,1
κτῆσις,1
ἐλπίς,1
βαβαιότας,1
ζωπυρεύς,1
„θεὸς,1
χαρίζομαι,1
εὐεργετός,1
δωρεός,1
ἐπάλληλος,1
ἐχομενή,1
ἀνακυκλός,1
ἑνωτικός,1
καθαρμόσαι,1
παραλείπων,1
ᾐτάσατος,1
εὐχός,1
„καὶ,1
δεσποτικός,1
αὐτοκράτωρ,1
εὐεργετικός,1
ἀναιρός,1
παρέχω,1
μεταβάλλον,1
φιλόδωρος,1
ἀνελλιπός,1
ἄφθων,1
ἀεννός,1
εὐδαιμονός,1
πεπιστευκέναιος,1
ἐπαίρωμενος,1
φιλανθρωπία,1
ἐνδεής,1
ἐπανορθός,1
προαιρόμενος,1
ἕρκος,1
ὑπεσχόμεθα,1
ἀποδέδεικον,1
λαμβάνεσθα,1
ἔσθ’,1
διαιωνίζης,1
ὀμβροῦσαι,1
λήγη,1
γεωργική,1
μήπω,1
τελειόσις,1
ἐξεταζόμενος,1
διαπονηθής,1
γεωργικός,1
καταφυτεύσης,1
βρῶσος,1
περικαθαριεῖτε,1
πρόσθεμα,1
25),1
ξύλον,1
δόθε,1
φυτεύσετον,1
βρώσιμον„,1
διατρίβω,1
δύναιμος,1
μήποτος,1
τρέπω,1
πρόσω,1
πλανάτης,1
ἤτοι,1
ἄγων,1
ἐστείρατα,1
γεννώντης,1
ἄφορα,1
ἐμβός,1
συνεισέρχος,1
συντρέχω,1
ἄρξετος,1
οἰστική,1
ἀπάθεια,1
εἰσαγόμενος,1
ἀφέστηκος,1
φυτεύσαι,1
προστέτακτος,1
περιελή,1
συνεπισκέψωμεθος,1
ὠφελίμος,1
συναναβλαστάνων,1
ἐπιφύς,1
τέμνοι,1
ζημιός,1
περιττότερος,1
κάθαρσις,1
παρακατάθης,1
μήτης,1
ἄσωτος,1
μέμας,1
—ὁ,1
ὄνη,1
κομίζω,1
ὠφεληθήνης,1
χρεώστης,1
δοῦλος,1
δανειστός,1
—προδοσία,1
φυλάτις,1
θῆρα,1
δελέα,1
ἁλιεύς,1
καθία,1
μέζος,1
ἀγκιστρεύος,1
ἰχθύς,1
ἀγορά,1
εὐετηρία,1
προνοείσθης,1
ποιήσων,1
δέλεαρ,1
ὀλιγοχράματος,1
μείζων,1
πρόφερες,1
προτείνω,1
διανός,1
ἀμύθητος,1
νοσφίζομες,1
περιέλης,1
ἀκάθαρτος,1
ἀκαιρίος,1
ἐνέδρα,1
ἡμέρωσις,1
ἀγριαίνεσθα,1
τεμεός,1
ἀπόκοψα,1
φυλακεύς,1
βελτίων,1
ἑταιρός,1
γοητεία,1
οἰκοσίτων,1
ἀπάτη,1
μισθαρνοῦσα,1
περιεχόμενα,1
ἐραστός,1
φιλούς,1
—φιλοῦσι,1
λήμμα,1
ἐπικέχην,1
κολάζος,1
ἄλεκτος,1
μῖσος,1
θεραπευόμενος,1
φυλάσσω,1
ὀψοφαγία,1
λαιμαργία,1
ἀγαπός,1
ἀναπείθοντα,1
χορηγός,1
ἀμέτρων,1
ἐπιθυμιός,1
περιέπεια,1
ἀκιβδήλευτος,1
ἀποσείσανος,1
χράσσωμος,1
βούλησις,1
πλησίος,1
χαμαιτύω,1
κόλαξ,1
σπουδάζουσις,1
πρόσαγος,1
ἐρώνειος,1
γοητεῖος,1
ἐπιφυόμενα,1
περικοπτέον,1
ἱερουργία,1
ἁγιστεία,1
βλάστημα,1
παρανάπεφυκα,1
δεισιδειμονία,1
χλοός,1
λυσιτελές,1
ἐκτεμής,1
ᾠήθησα,1
βουθυτής,1
κλέψων,1
ἀρνήσων,1
χρεωκοπήσωσις,1
ἁρπασύς,1
λεηλατής,1
ἀπόνεμος,1
δυσκάθαρτοι,1
δίκη,1
ἐξήμαρτος,1
ὤνιος,1
δικαστήριον,1
γνώμη,1
κεχρήμενος,1
ἀποστρέφεσθα,1
ἀνυπαίτιος,1
ἀποδέχεσθα,1
ἄπυρος,1
χορεύος,1
γέγηθος,1
φλέγος,1
ἀνίερος,1
ἄθυτος,1
συνανέφλεξα,1
ὑπομιμνῄσκουσα,1
διαμαρτίς,1
ἀναμιμνῄσκουσα,1
ἁμαρτία,1
15),1
γιγνόμενος,1
ζήμια,1
ἀπόκοπτις,1
δῶδιμος,1
διδασκόμενος,1
εὐμάθεια,1
ἐπιδίδομος,1
αὐτοδίδαξ,1
ἐξέδυσις,1
ἐνειλημμένων,1
βλαβός,1
ἐπίκλη,1
Ἰάκοψ,1
„ῥάβδους,1
ἐλεπίς,1
λίσμαμαι,1
περίσυρος,1
χλωρός,1
37),1
ζοφερός,1
ἀναιρεθείσης,1
ποικιλλόμενος,1
ἀδελφός,1
ἀναδειχθής,1
λέπρα,1
τέθας,1
διηνθίσμενος,1
λευκωθέντος,1
ἔσχατον,1
13),1
μετάβασις,1
ποικίλος,1
πανοῦργος,1
ἀντιρρέπος,1
ἀποίκιλος,1
ἀνενδοίαστος,1
ἁπλόος,1
δεξώμεθα,1
ἀλήθειος,1
ἐναργεύς,1
πίστωρ,1
σύκα,1
σταφυλή,1
περικαθαίρης,1
εἰωθός,1
ὑπόνοια,1
ἀποδίδομες,1
ῥητώ,1
συνάδων,1
λέξις,1
ἀμφίβολος,1
ἐκδέξειτον,1
ἐτός,1
παραλαμβάνομεια,1
παρεληλυθότος,1
ἐνεστότης,1
τέμνεσθα,1
ὑποστήσετα,1
σῷος,1
τμῆματος,1
δεχώμενος,1
ἄφθαρτος,1
παρόσος,1
κεκαθάρμηνος,1
αὔξηυσις,1
τρόφιμος,1
νόσος,1
ἐπιπέμπον,1
ἀναπόδεικτος,1
δίχα,1
δύσκολος,1
ἀργαλεός,1
ἐπιδεικνύμης,1
γνώριμος,1
σαφή,1
ἐμφαινόμενα,1
ἐναργεία,1
πιστός,1
συλλογιστικός,1
διαλεκτική,1
κεκαθαρμής,1
τηλαυγήστατος,1
διαυγέστατος,1
συσκιαζόμειος,1
περιρραντήριον,1
κάθαρ,1
τεινός,1
χρέος,1
τέσσαρες,1
νομοθεσία,1
κατάλογος,1
ἀποσεμνύνης,1
προφητικός,1
τίμιος,1
φάος,1
γνώρισμα,1
τοκεύς,1
σελήνη,1
χορός,1
ἄστερος,1
νύξ,1
μείς,1
δύσεσις,1
ἐπεράτων,1
ἀνεδείκη,1
ἀνάκειτα,1
τεταρτός,1
δημιουργήθης,1
14),1
ἐκτείμηκος,1
ἀνάθεις,1
φυτεία,1
φυσίκος,1
ἡθικός,1
τέταρα,1
ἰσάριθμος,1
χειμῶν,1
θέρος,1
ἔαρ,1
μετόπωρον,1
πρέσβυς,1
τετράγων,1
γωνία,1
γεωμετρίος,1
ἐξετάζετα,1
ὀρθότης,1
δείγμα,1
ἀέναος,1
πλευρά,1
ἔξαρχος,1
ἡγεμονίς,1
ἰσότης,1
περίεχον,1
παττίον,1
ἐπιλογισμός,1
ῥῆδιον,1
[ἐν,1
ἕξ,1
ἠπορούμεια,1
εὑρησομος,1
ἑξη,1
ἑβδομός,1
ὀγδός,1
ἐννέα,1
δέκα,1
γεννά,1
„ἔτει,1
ἄρτιον,1
ὁλόκληρος,1
τύπες,1
ἐγεννής,1
καμπτάρος,1
συντιθέμενος,1
ἀποτέλεσμα,1
προσηκόντως,1
εὐχαριστία,1
ὑπερβάλλοντος,1
κατασκευόν,1
ἀνάθημα,1
—οὐδὲ,1
ἔπαινος,1
ὅμνος,1
γεγωνός,1
ᾄσέτης,1
ἀειδή,1
πηήχη,1
ἀνάμελψος,1
εὑρεθείς,1
μνήμη,1
φιλέω,1
διαδοχός,1
παραδοθίς,1
μετέπειτα,1
λίχνος,1
παρήλθης,1
τοιόσδε,1
ἡνίκα,1
τελεσφόρης,1
ὑποφητός,1
πυνθάνομαι,1
ποθέω,1
σχάτης,1
γέγων,1
ἀποκρίνω,1
ζητός,1
ἐπαινέτης,1
βραχύτατος,1
ἐπαινής,1
ἐξαγγέλλω,1
διήγησις,1
ἔπαινον,1
προσθήκης,1
οὐδεμία,1
ἔξωθεν,1
ἀψευδή,1
ἐγκώμιος,1
ἀκούσα,1
ἐπαινέω,1
πάμμουσος,1
ὑμνῳδός,1
ἀναφανή,1
γένος,1
παρθένος,1
Μνήμη,1
μνημοσύνη,1
παρατρέπων,1
μῦθος,1
λέγων,1
ἀμοιβή,1
ἀντιπαρασχή,1
δυναμένης,1
θελήσης,1
ἀντιχαρίς,1
εὑρεσυς,1
κομίζουσις,1
ἐπιβάλλη,1
μελετώμης,1
ἐπιλείπωμος,1
ἐγκωμιαστικός,1
ποιήματος,1
ἐμμελής,1
ἑκατέρα,1
ᾄδεύς,1
ἀποκεκλής,1
γεραίρατος,1
μένος,1
„ἄριστος,1
ἀφιερωθός,1
σχῆσομος,1
„ἐν,1
καρπόν,1
ὕστερος,1
ἐξετάζεσθα,1
ἀνεπίληπτος,1
ἀντιλαμβάνοιμοι,1
θαυμαστός,1
ἡγείσθης,1
ἀνατίθης,1
ἀληθής,1
τρέφω,1
αἴσθησις,1
σχήμα,1
ποιότης,1
εὐτρεπίζους,1
ὦτος,1
παντοδαπός,1
φωνέω,1
μυκτήρος,1
ὀσμή,1
στόμα,1
μαλακός,1
εὔενδοτος,1
σκληρότης,1
ἀντίτυπος,1
λειότης,1
τραχύτης,1
ψυχρότης,1
θερμότης,1
σκιδναμένης,1
ὀνομάζοις,1
ἅφη,1
παράδειγμα,1
Λεία,1
ταρταρός,1
τετάρτους,1
„ἔστη,1
35),1
ἐξομολόγης,1
μεταληφθεί,1
παθύς,1
ἐξελάλης,1
„ἐκάλεσε“,1
εὐλογός,1
ὑμνῳδία,1
μελετάω,1
„ἅγιος,1
σπουδαία,1
ἐνεχθή,1
„στῆναι,1
„τοῦ,1
πῆ,1
τράπητον,1
τελειότης,1
ἀποκυήθεντος,1
κατόρθομα,1
φυτευθέντος,1
ἀδιαφορέα,1
γεωπόνος,1
ἔὃς,1
Ἰούδας,1
ἀποκυήθης,1
αὐταρκέστατος,1
ὡς,1
ἐπίφερος,1
„ἐγώ,1
παριστής,1
παρά,1
προφητός,1
„ἐξ,1
συνήσις,1
συνετός,1
(Hos,1
9,1
Περί,1
γεωργίας,1
πρεσβυτάτης,1
ἱερωτάτης,1
ἑπομένη,1
ἐπιτηδεύος,1
φερόμενα,1
τετράς,1
ἆθλον,1
πρόσταξις,1
ὑφηγήσισις,1
συνεκροτείτης,1
ἐπισκεψώμεθα,1
ἔπιος,1
ἐμεθύσθος,1
ἐξεργάζετα,1
τεχνικός,1
πλημμελής,1
ποιοῦμενος,1
ἐπιστασία,1
προσήκοντα,1
παρέχων,1
ἀκρίβεια,1
ἐξερευνήσσωμος,1
ἐσπουδάσθη,1
σκέψις,1
προτείνετος,1
οἶνον,1
ἐπιχειρής,1
πρότασι,1
ληρήσης,1
ἁμάρτημα,1
ἡμαρτήματος,1
ποιητικός,1
κατορθός,1
σπουδαίομαι,1
προσῆκος,1
ἀπέφηνα,1
ἀνοίκειος,1
ἐπιχειρός,1
ἀντιστατής,1
νεωτερισμός,1
καθελή,1
περιβεβλῆς,1
σβεστήριον,1
φλεγμαίνων,1
ὅστρος,1
ἀνερριπίσισμε,1
ζέων,1
ἐξῆμμενος,1
ὑπερήνω,1
στῆσυς,1
βαθύς,1
θάλας,1
ναυτίλλεσθα,1
διαφθείρων,1
πρᾶγμα,1
διασῴζοντα,1
χειμάρρους,1
ἐπίκλυζος,1
βρίθω,1
βυθός,1
κατερρίβος,1
ἐπικουφίζομαι,1
ἐπελαφρίζων,1
ἰσχύσης,1
βλάπτω,1
κατανόησα,1
οἶμαι,1
μετεωροπολός,1
θηρός,1
ἀπό,1
κατεβίβαι,1
ἄγαγος,1
ἀκράτωρ,1
διαμαρτήσετος,1
ἀσθένεια,1
ἀθλητός,1
νικάω,1
καθεί,1
παραβαλών,1
ὀκλάς,1
κατασυρεύς,1
ἀναπεσίῖτος,1
προμαθός,1
ἀξιόσειος,1
ἑκών,1
πολυοινία,1
διαφέραστος,1
σωτηρίος,1
γονεύς,1
τέκνον,1
οἰκέος,1
ἐπανόρθωσις,1
θανάσιμος,1
πρόσνιμι,1
βιάζοιντος,1
μετανίστασθος,1
κράτιστος,1
ἀλλά,1
διακρίνω,1
διαλύων,1
κουφοτερέω,1
βαρύτερος,1
ἔκστα,1
εὑρετος,1
ἐργασία,1
μαινόλη,1
καλέσης,1
κατάσχετος,1
βάκχα,1
μαίνατος,1
παραφρόσυνη,1
ἐμφορούμενος,1
προοίμια,1
σκέψιος,1
περαίνωμα,1
τοὐναντίος,1
ἅρμος,1
ποιάσαμενος,1
συνώνυμα,1
ὁμολογείτης,1
ἐμφερόμενος,1
ἀνόμοιος,1
σημαίνετα,1
ὑλακτικός,1
ζώιον,1
θαλάττιος,1
ὀπωρινός,1
ὀπώρα,1
ἐπιτέλλομαι,1
τελεσφορηθής,1
πανθήνθην,1
πρόστιος,1
κυνικός,1
αἱρέσις,1
ὁρμηθής,1
Ἀρίστιππος,1
Διογένης,1
ἐπιτήδευα,1
ἤξιος,1
ἀπερίληπτος,1
ἰός,1
ὀιστός,1
βέλος,1
—τὸ,1
τόξον,1
νευρά,1
σκοπός,1
ἀφιέμενος,1
λέγετος,1
ἐρεσίημι,1
κωπός,1
πλάτος,1
πλός,1
ἰσοδυναμός,1
ναῦς,1
νηνεμία,1
ἀντίπνοια,1
πρόσκωπος,1
καθίσας,1
ταρσός,1
ἑκατέρωθος,1
ἀποτείνας,1
ὑπόπτερον,1
βιάζω,1
ἐξαίρομες,1
ἐπιτρέχω,1
κῦμα,1
ἐντέμνους,1
τροχάζουσα,1
ταχυναυτής,1
ναυλοχώτατος,1
ὑπόδρομος,1
ἐνορμίζετα,1
σκίπος,1
βακτηρίος,1
ῥάβδος,1
κλήσεος,1
τύπτειος,1
ἀκραδάντως,1
σκηρίπτου,1
ἐπερείδεσθα,1
μακρολογός,1
ποιήσιος,1
ἐμφέρωμενος,1
ὥστ’,1
συνωνυμός,1
διόσις,1
[ἕν],1
ἐμφαίνης,1
αἰτίς,1
ἀποστρέφω,1
σπουδαῖος,1
οἰνωθήσετα,1
διατεθεύς,1
ταὐτός,1
[ὁ],1
οἰνώσης,1
πάσχω,1
ἀπόδειξις,1
μεθυσθήνης,1
δεύτερος,1
ζηλόω,1
συνῳδός,1
διαφωνός,1
ἐρρωμένος,1
ἀνήκεστος,1
περιάγαγος,1
σφρίγων,1
ἀθλητικός,1
εὐεξία,1
νοσός,1
εὐτονία,1
ὄγκος,1
οἶδος,1
καχέξ,1
ἀγαγός,1
φύσημα,1
ἐπαίρων,1
συνεχόσσα,1
περιταθής,1
ῥήγνυμι,1
ἐπαίνεσις,1
ἄξιος,1
ἄρρενα,1
ἐξεθήλυνα,1
αἰσχρός,1
ἐργάζομαι,1
παντάπασις,1
ἑκατέραι,1
ἀρχαιότροπος,1
ζήλωσεος,1
ἐρώς,1
λογογράφος,1
μουσικός,1
ἐσπούδαζος,1
ἄνθος,1
ῥυθμόν,1
ἀφηδύνων,1
θρύπτων,1
κατεαγός,1
κλεκλασμένος,1
ἐγείρων,1
ἐμμελή,1
ἁρμόζομενος,1
ὀψαρτυταί,1
σιτοπόνος,1
βαφικός,1
μυρεψικός,1
τεχνία,1
περιεργίος,1
καινός,1
ἀτμός,1
ἐπιτειχίζων,1
πορθήσως,1
μιμνήσκω,1
πάλαι,1
παρέθανα,1
πίνος,1
ἀπνευστία,1
χαίνων,1
προσπιφέρηιος,1
οἰνοχοουμένος,1
κελεύω,1
διαμέλλωσις,1
ἀγανακτός,1
πότος,1
παράψυχος,1
παράκομμα,1
γυμνικός,1
παροίνιος,1
συνός,1
ἀντιδρός,1
ῥίς,1
δάκτυλος,1
ὁποῖος,1
τύχη,1
ἀπεσθίων,1
νέος,1
ἀκμαζόυσα,1
ἄθλος,1
εὐφροσύνω,1
ἀρχαῖος,1
κατήρχοντος,1
αἴσιος,1
ἀποβήσισθα,1
εὔξασθος,1
θῦσος,1
πράσσω,1
ἐπέσπευδον,1
ἀναμένω,1
βραδύς,1
ἡγέομαι,1
κρείττος,1
προμηθής,1
τάχος,1
βραδυτή,1
εὐελπιστία,1
ὠφέλιμος,1
ἄδη,1
προσήκοντι,1
ἀναγαγός,1
ἱλάσκομαι,1
καθήραμενος,1
ῥεύμας,1
φαιδρός,1
γεγηθός,1
ἀνειμένης,1
τρέπων,1
οἴκαδε,1
ἀφίκομενος,1
θύσας,1
μνμημένος,1
αἰδούμενος,1
εὐωχία,1
διαμαρτάνως,1
γε,1
λεχθείς,1
φαύλων,1
ἱερουργής,1
ἐνδελεχή,1
ἱερεῖος,1
λώβηβα,1
λωβά,1
προσάψασθαι,1
Δεύτερος,1
δείκνυμι,1
τρίτος,1
διαφερός,1
ἐτυμολογία,1
πιθανότης,1
ἠρτημένος,1
ἐπιτελέω,1
μέθεις,1
αἰτίος,1
μεθίετα,1
λογισμός,1
χύσις,1
ἁμαρτημάς,1
ἔμφρων,1
ἱλαρότης,1
ἡδύς,1
οἰνωθής,1
ταύτῃ,1
διαμάρτανος,1
σκυθρωπός,1
αὐστηρός,1
σύννοια,1
κατήφεια,1
σταλμένος,1
ἱλαρός,1
γαληνίζος,1
γηθοσύνης,1
προήχθης,1
ἀμούσως,1
παῖξ,1
χαριεντίσας,1
σεμνότης,1
ἡρμόσμενος,1
λύρα,1
φθόγγος,1
ἀντίφωνος,1
κράς,1
συνηχός,1
νήπιος,1
μελετάτης,1
πολιός,1
βουλή,1
γεγονόσιοι,1
αὐτήκοος,1
αὐτομαθός,1
αὐτουργός,1
ἀρυσάμενος,1
μετέχοντα,1
γέλων,1
Ῥέβω,1
Ἑβραίος,1
πάμπολυς,1
παροκέω,1
ἐνώκησος,1
σοφίος,1
Ἀβιμέλειξ,1
διακύψ,1
θυρίς,1
διοιχθής,1
φώσφω,1
παίζων,1
Ῥέβεκκα,1
ἐμπρεπή,1
γανοῦσθος,1
συνευφραίνεσθος,1
ἠθοποιοιόσης,1
ἄνεσις,1
ὠφέλεια,1
ἐργαζομένης,1
πρόσος,1
ἐπιτείνης,1
σφόδρυνος,1
δόξα,1
ἐπιφανής,1
εὐκλέω,1
ἐπιφαίνης,1
ἀναχυθός,1
πάθεσις,1
ἐμπαθής,1
εὐπαθεία,1
εὐμενής,1
ἀπεργάζομαι,1
φαρμόζης,1
φαῦλος,1
δήπουθα,1
ἀμφότερος,1
πρόσταιος,1
μετέχω,1
φαύλος,1
εἰδοί,1
ἐφαρμός,1
τοιγάρτος,1
ἀποβάλας,1
δικαστήριος,1
ἐντέχνος,1
ἀποδείξ,1
χρηστέον,1
μαρτυριοί,1
εὐδοκίμης,1
μαρτυρόων,1
παρεξόμεθος,1
ἰατρός,1
μυρία,1
ἀπολέλοιπα,1
συντάξης,1
ἐπιγράφω,1
σκοπόων,1
εἰώθος,1
προσεξετάζους,1
παροινία,1
παράπεμψα,1
ἀνωμολογέσθης,1
διαμαρτησόμεθα,1
ἀγωνίζομες,1
ἀναγράφετα,1
ἀγωνίζετα,1
σκιαμαχές,1
ἐναντίον,1
δικαιός,1
γενηθής,1
κρίσις,1
μηδετέρας,1
ἐρῆμος,1
καταδικασθέντος,1
παρακατατίθεια,1
προτεινόμενος,1
ἀντίλεγος,1
μακρηγορόρος,1
διοχλή,1
ἐναντιόμενος,1
κοιμηθήσετα,1
ἀποθανείτης,1
συμβαίνης,1
ἄψυχος,1
ἀγωγή,1
μιμησάμενος,1
ἐφαρμόσεις,1
κοιμώμενος,1
ἀποθνῄσκων,1
κοιμάω,1
,0